tier_sample,p_M,kap
Trial2020,97.28083628729416,0.9823371247559636
Trial2021,101.42541902378778,0.9693699976989794
