tier_sample,estim_time,tJX,tW
Trial2020,2.570577,0.16129441678719467,0.029400273383579402
Trial2021,3.254498,0.16890007992840808,0.050329103072813255
