tier_sample,estim_time,tJX,tW
Trial2020,4.816652,0.16129441678719464,0.029400273383579405
Trial2021,6.087654,0.1689000799284081,0.050329103072813255
