tier_sample,p_Am,p_M
Trial2020,4609.483629595239,101.46631645935912
Trial2021,4166.6038013925045,94.12511857880408
