tier_sample,estim_time,tJX,tW
Trial2020,11.53643,0.1612347724437835,0.030302769269404114
Trial2021,12.997757,0.16230004021277775,0.05663844538278919
