tier_sample,p_Am,p_M
Trial2020,4609.483612241097,101.46631596222113
Trial2021,4166.603794852842,94.12511789290575
