tier_sample,estim_time,tJX,tW
Trial2020,3.967893,0.16123477255181679,0.030302769108045954
Trial2021,3.894276,0.1623000400415872,0.05663844678138693
