tier_sample,v
Trial2020,0.052595201790150065
Trial2021,0.045678449432533116
