tier_sample,estim_time,tJX,tW
Trial2020,2.837967,0.15602163232932087,0.07367977239473983
Trial2021,2.876636,0.1522440206158191,0.074290706692698
