tier_sample,estim_time,tJX,tW
Trial2020,1.191557,0.15602163232932084,0.07367977239473983
Trial2021,1.098638,0.15224402061581907,0.074290706692698
