tier_sample,estim_time,tJX,tW
Trial2020,3.837213,0.16081853774609733,0.034268230287569514
Trial2021,4.298201,0.16756291163016376,0.05449330753170977
