tier_sample,p_M
Trial2020,93.47355685838741
Trial2021,98.23075676153212
