tier_sample,estim_time,tJX,tW
Trial2020,1.957287,0.16081853774609733,0.03426823028756953
Trial2021,1.976937,0.16756291163016376,0.05449330753170978
