tier_sample,kap_X,p_M
Trial2020,0.1126159480235958,95.40314516101016
Trial2021,0.12473419014411663,93.75491814311773
