tier_sample,estim_time,tJX,tW
Trial2020,6.547003,0.15984759361588594,0.03943425047122971
Trial2021,7.981478,0.15338642238458106,0.042003249269447054
