tier_sample,estim_time,tJX,tW
Trial2020,3.595336,0.15984759361588596,0.03943425047122972
Trial2021,3.601995,0.15338642238458103,0.04200324926944706
