tier_sample,estim_time,tJX,tW
Trial2020,3.857341,0.1598295598292826,0.03827397186199376
Trial2021,4.303317,0.15399356544536366,0.04409111577782018
