tier_sample,p_M,v
Trial2020,94.76419103713806,0.051426972081164056
Trial2021,94.90486559831834,0.044718122903749255
