tier_sample,estim_time,tJX,tW
Trial2020,2.989862,0.1598295598292826,0.038273971861993765
Trial2021,3.263251,0.15399356544536366,0.0440911157778202
