tier_sample,kap
Trial2020,0.9788645142831668
Trial2021,0.9788645142831668
