tier_sample,estim_time,tJX,tW
Trial2020,3.42408,0.16000061819880793,0.053321947275771484
Trial2021,1.076313,0.16589220749940511,0.06014622907602788
