tier_sample,estim_time,tJX,tW
Trial2020,41.397101,0.16000061819880795,0.053321947275771484
Trial2021,16.922856,0.16589220749940511,0.06014622907602788
