tier_sample,p_Am,v
Trial2020,4709.7742706199915,0.04904997329054287
Trial2021,4641.307296606708,0.04316568980284903
