tier_sample,estim_time,tJX,tW
Trial2020,3.960622,0.16088517260239013,0.0331382941903257
Trial2021,3.9911950000000003,0.15474744713990346,0.04416803160145379
