tier_sample,p_Am,v
Trial2020,4709.774277244154,0.0490499730667726
Trial2021,4641.307304375265,0.04316568992544725
