tier_sample,estim_time,tJX,tW
Trial2020,4.343679,0.16088517262676036,0.03313829475716071
Trial2021,4.195292,0.15474744666453427,0.04416803218391216
