tier_sample,estim_time,tJX,tW
Trial2020,2.09414,0.15638388682884352,0.07047246575098101
Trial2021,2.236989,0.15201458037720267,0.07507570375341477
