tier_sample,kap_X,v
Trial2020,0.10983581144931727,0.049016649333041354
Trial2021,0.11812673128148826,0.04669769254753718
