tier_sample,estim_time,tJX,tW
Trial2020,5.66474,0.15638388682884352,0.07047246575098101
Trial2021,5.715456,0.15201458037720272,0.07507570375341478
