tier_sample,kap_X
Trial2020,0.11032033314915375
Trial2021,0.12177605949352444
