tier_sample,estim_time,tJX,tW
Trial2020,3.525928,0.1563730853089286,0.0708210092226253
Trial2021,3.506831,0.15219329935447354,0.07731395461533275
