tier_sample,estim_time,tJX,tW
Trial2020,1.181579,0.15637308530892857,0.0708210092226253
Trial2021,1.080606,0.15219329935447357,0.07731395461533273
