tier_sample,kap_X,kap
Trial2020,0.11157950130331093,0.9788657310294837
Trial2021,0.123174464211959,0.9788657401665134
