tier_sample,estim_time,tJX,tW
Trial2020,2.186118,0.1582173859810158,0.05332155984958238
Trial2021,2.423041,0.1526669242251761,0.060145846999356954
