tier_sample,estim_time,tJX,tW
Trial2020,1.915459,0.15821738598101587,0.05332155984958239
Trial2021,2.3413880000000002,0.15266692422517605,0.06014584699935695
