tier_sample,p_Am
Trial2020,4694.362172236583
Trial2021,4389.252305257811
