tier_sample,estim_time,tJX,tW
Trial2020,2.241667,0.1608547396929417,0.03442993330800397
Trial2021,2.446616,0.16566276264308483,0.06962615558440065
