tier_sample,estim_time,tJX,tW
Trial2020,2.975651,0.16085474008769585,0.03442993181096794
Trial2021,2.934837,0.16566276422225445,0.06962615299571075
