tier_sample,p_Am
Trial2020,4694.362152956888
Trial2021,4389.2522793236885
