tier_sample,p_Am,kap
Trial2020,4605.652491630335,0.9685335601610483
Trial2021,4284.722013388413,0.978428338121093
