tier_sample,estim_time,tJX,tW
Trial2020,9.274582,0.16125908641512332,0.030106688367251264
Trial2021,7.887929,0.16416857500464876,0.06308998249307533
