tier_sample,p_Am,kap
Trial2020,4605.652494215769,0.9685335628161009
Trial2021,4284.722008923871,0.9784283380505522
