tier_sample,estim_time,tJX,tW
Trial2020,3.541449,0.16125908623774468,0.030106689225223283
Trial2021,3.110146,0.16416857527248757,0.06308998201901934
