tier_sample,tJX,tW
male,0.16146551599592618,0.06511150875371349
