tier_sample,estim_time,tJX,tW
male,542.743555,0.16077068846432174,0.07419234625345415
