tier_sample,estim_time,tJX,tW
male,1189.908154,0.16077068846432174,0.07419234625345418
