tier_sample,estim_time,tJX,tW
Trial2020,4.524428,0.15784829249147525,0.05492818274845881
Trial2021,4.581082,0.15309305987228972,0.05800749458527914
