tier_sample,v,kap
Trial2020,0.05204455178725716,0.9788657269147847
Trial2021,0.045210324551479206,0.9788657453657248
