tier_sample,estim_time,tJX,tW
Trial2020,1.72664,0.1578482924914753,0.05492818274845883
Trial2021,1.763159,0.15309305987228972,0.05800749458527914
