tier_sample,estim_time,tJX,tW
Trial2020,23.079771,0.16089067796934398,0.03314475943598788
Trial2021,20.700924,0.15395066944992344,0.037853983874947914
