tier_sample,p_Am,kap_X
Trial2020,4710.938763043578,0.1166454875197204
Trial2021,4738.300057317489,0.12925825857916134
