tier_sample,estim_time,tJX,tW
Trial2020,193.303072,0.16089067779442878,0.03314476008713281
Trial2021,6.845394,0.15395066927301498,0.03785398546288928
