tier_sample,estim_time,tJX,tW
Trial2020,12.022012,0.16089067773868795,0.03314476014525296
Trial2021,11.641966,0.15395066967929175,0.037853983516229435
