tier_sample,p_Am,kap_X
Trial2020,4710.938771455155,0.1166454874920168
Trial2021,4738.300077413043,0.12925825883167358
