tier_sample,p_Am,kap_X
Trial2020,4710.938754061903,0.11664548779711231
Trial2021,4738.300065098751,0.12925825837266774
