tier_sample,estim_time,tJX,tW
Trial2020,24.374123,0.16089067748727423,0.03314476078240913
Trial2021,7.058878,0.15395066957301035,0.03785398484801766
