tier_sample,p_Am,kap_X
Trial2020,4710.938762292773,0.11664548760479677
Trial2021,4738.3000819526615,0.12925825863976853
